order_id,order_date,ship_date,ship_mode,customer_id,region,product_id,category,sales,quantity,profit,return_order_id,return_reason,_merge
CA-2018-105893,11-11-2018,18-11-2018,Standard Class,PK-19075,Central,OFF-ST-10004186,Office Supplies,665.9,6,13.3,CA-2018-105893,bad quality,both
CA-2018-115812,09-06-2018,14-06-2018,Standard Class,BH-11710,West,FUR-FU-10001487,Furniture,48.9,7,14.2,,,left_only
CA-2018-115812,09-06-2018,14-06-2018,Standard Class,BH-11710,West,OFF-AR-10002833,Office Supplies,7.3,4,2.0,,,left_only
CA-2018-115812,09-06-2018,14-06-2018,Standard Class,BH-11710,West,TEC-PH-10002275,Technology,907.2,6,90.7,,,left_only
CA-2018-115812,09-06-2018,14-06-2018,Standard Class,BH-11710,West,OFF-BI-10003910,Office Supplies,18.5,3,5.8,,,left_only
CA-2018-115812,09-06-2018,14-06-2018,Standard Class,BH-11710,West,OFF-AP-10002892,Office Supplies,114.9,5,34.5,,,left_only
CA-2018-115812,09-06-2018,14-06-2018,Standard Class,BH-11710,West,FUR-TA-10001539,Furniture,1706.2,9,85.3,,,left_only
CA-2018-115812,09-06-2018,14-06-2018,Standard Class,BH-11710,West,TEC-PH-10002033,Technology,911.4,4,68.4,,,left_only
CA-2018-143336,27-08-2018,01-09-2018,Second Class,ZD-21925,West,OFF-AR-10003056,Office Supplies,8.6,2,2.5,CA-2018-143336,wrong item,both
CA-2018-143336,27-08-2018,01-09-2018,Second Class,ZD-21925,West,TEC-PH-10001949,Technology,213.5,3,16.0,CA-2018-143336,wrong item,both
CA-2018-143336,27-08-2018,01-09-2018,Second Class,ZD-21925,West,OFF-BI-10002215,Office Supplies,22.7,4,7.4,CA-2018-143336,wrong item,both
CA-2018-146703,20-10-2018,25-10-2018,Second Class,PO-18865,Central,OFF-ST-10001713,Office Supplies,212.0,4,8.5,CA-2018-146703,wrong item,both
CA-2018-167164,13-05-2018,15-05-2018,Second Class,AG-10270,West,OFF-ST-10000107,Office Supplies,55.5,2,10.0,CA-2018-167164,other,both
CA-2019-106320,25-09-2019,30-09-2019,Standard Class,EB-13870,West,FUR-TA-10000577,Furniture,1044.6,3,240.3,CA-2019-106320,bad quality,both
CA-2019-115742,18-04-2019,22-04-2019,Standard Class,DP-13000,Central,OFF-BI-10004410,Office Supplies,38.2,6,18.0,CA-2019-115742,other,both
CA-2019-117415,27-12-2019,31-12-2019,Standard Class,SN-20710,Central,OFF-EN-10002986,Office Supplies,113.3,9,35.4,,,left_only
CA-2019-117415,27-12-2019,31-12-2019,Standard Class,SN-20710,Central,FUR-BO-10002545,Furniture,532.4,3,-47.0,,,left_only
CA-2019-117415,27-12-2019,31-12-2019,Standard Class,SN-20710,Central,FUR-CH-10004218,Furniture,212.1,3,-15.1,,,left_only
CA-2019-117415,27-12-2019,31-12-2019,Standard Class,SN-20710,Central,TEC-PH-10000486,Technology,371.2,4,41.8,,,left_only
CA-2020-101343,17-07-2020,22-07-2020,Standard Class,RA-19885,West,OFF-ST-10003479,Office Supplies,77.9,2,3.9,CA-2020-101343,bad quality,both
CA-2020-117590,08-12-2020,10-12-2020,First Class,GH-14485,Central,TEC-PH-10004977,Technology,1097.5,7,123.5,CA-2020-117590,wrong item,both
CA-2020-117590,08-12-2020,10-12-2020,First Class,GH-14485,Central,FUR-FU-10003664,Furniture,190.9,5,-148.0,CA-2020-117590,wrong item,both
CA-2020-118255,11-03-2020,13-03-2020,First Class,ON-18715,Central,TEC-AC-10000171,Technology,46.0,2,19.8,,,left_only
CA-2020-118255,11-03-2020,13-03-2020,First Class,ON-18715,Central,OFF-BI-10003291,Office Supplies,17.5,2,8.2,,,left_only
CA-2020-121755,16-01-2020,20-01-2020,Second Class,EH-13945,West,OFF-BI-10001634,Office Supplies,11.6,2,4.2,,,left_only
CA-2020-121755,16-01-2020,20-01-2020,Second Class,EH-13945,West,TEC-AC-10003027,Technology,90.6,3,11.8,,,left_only
CA-2020-137330,09-12-2020,13-12-2020,Standard Class,KB-16585,Central,OFF-AR-10000246,Office Supplies,19.5,7,5.1,,,left_only
CA-2020-137330,09-12-2020,13-12-2020,Standard Class,KB-16585,Central,OFF-AP-10001492,Office Supplies,60.3,7,15.7,,,left_only
CA-2020-138688,12-06-2020,16-06-2020,Second Class,DV-13045,West,OFF-LA-10000240,Office Supplies,14.6,2,6.9,,,left_only
CA-2020-152156,08-11-2020,11-11-2020,Second Class,CG-12520,South,FUR-BO-10001798,Furniture,262.0,2,41.9,,,left_only
CA-2020-152156,08-11-2020,11-11-2020,Second Class,CG-12520,South,FUR-CH-10000454,Furniture,731.9,3,219.6,,,left_only
CA-2020-161389,05-12-2020,10-12-2020,Standard Class,IM-15070,West,OFF-BI-10003656,Office Supplies,408.0,3,132.6,,,left_only
CA-2020-169194,20-06-2020,25-06-2020,Standard Class,LH-16900,East,TEC-AC-10002167,Technology,45.0,3,5.0,,,left_only
CA-2020-169194,20-06-2020,25-06-2020,Standard Class,LH-16900,East,TEC-PH-10003988,Technology,21.8,2,6.1,,,left_only
CA-2021-107727,19-10-2021,23-10-2021,Second Class,MA-17560,Central,OFF-PA-10000249,Office Supplies,29.5,3,9.9,,,left_only
CA-2021-114412,15-04-2021,20-04-2021,Standard Class,AA-10480,South,OFF-PA-10002365,Office Supplies,15.6,3,5.4,,,left_only
CA-2021-120999,10-09-2021,15-09-2021,Standard Class,LC-16930,Central,TEC-PH-10004093,Technology,147.2,4,16.6,,,left_only
CA-2021-139619,19-09-2021,23-09-2021,Standard Class,ES-14080,South,OFF-ST-10003282,Office Supplies,95.6,2,9.6,,,left_only
US-2019-108966,11-10-2019,18-10-2019,Standard Class,SO-20335,South,FUR-TA-10000577,Furniture,957.6,5,-383.0,,,left_only
US-2019-108966,11-10-2019,18-10-2019,Standard Class,SO-20335,South,OFF-ST-10000760,Office Supplies,22.4,2,2.5,,,left_only
US-2019-118983,22-11-2019,26-11-2019,Standard Class,HP-14815,Central,OFF-AP-10002311,Office Supplies,68.8,5,-123.9,,,left_only
US-2019-118983,22-11-2019,26-11-2019,Standard Class,HP-14815,Central,OFF-BI-10000756,Office Supplies,2.5,3,-3.8,,,left_only
US-2019-150630,17-09-2019,21-09-2019,Standard Class,TB-21520,East,FUR-BO-10004834,Furniture,3083.4,7,-1665.1,,,left_only
US-2019-150630,17-09-2019,21-09-2019,Standard Class,TB-21520,East,OFF-BI-10000474,Office Supplies,9.6,2,-7.1,,,left_only
US-2019-150630,17-09-2019,21-09-2019,Standard Class,TB-21520,East,FUR-FU-10004848,Furniture,124.2,3,15.5,,,left_only
US-2019-150630,17-09-2019,21-09-2019,Standard Class,TB-21520,East,OFF-EN-10001509,Office Supplies,3.3,2,1.1,,,left_only
US-2019-150630,17-09-2019,21-09-2019,Standard Class,TB-21520,East,OFF-AR-10004042,Office Supplies,86.3,6,9.7,,,left_only
US-2019-150630,17-09-2019,21-09-2019,Standard Class,TB-21520,East,OFF-BI-10001525,Office Supplies,6.9,6,-5.7,,,left_only
US-2019-150630,17-09-2019,21-09-2019,Standard Class,TB-21520,East,OFF-AR-10001683,Office Supplies,15.8,2,3.5,,,left_only
US-2021-156909,16-07-2021,18-07-2021,Second Class,SF-20065,East,FUR-CH-10002774,Furniture,71.4,2,-1.0,,,left_only
